symbol,liquidity,status,rank,earning_date
SPY,1,Very Liquid,,
IWM,1,Very Liquid,0%,
QQQ,1,Very Liquid,1%,
NDX,1,Very Liquid,,
DIA,1,Very Liquid,2%,
GLD,1,Very Liquid,0%,
NVDA,1,Very Liquid,7%,PM 11/21/2023 (81)
META,1,Very Liquid,11%,PM 10/25/2023 (54)
SMH,1,Very Liquid,4%,
META,1,Very Liquid,11%,PM 10/25/2023 (54)
COST,1,Very Liquid,24%,PM 09/26/2023 (25)
XLI,1,Very Liquid,8%,
TSLA,1,Very Liquid,7%,PM 10/18/2023 (47)
MA,1,Very Liquid,0%,AM 10/26/2023 (55)
MSFT,1,Very Liquid,11%,PM 10/24/2023 (53)
GS,1,Very Liquid,6%,AM 10/17/2023 (46)
HD,1,Very Liquid,0%,AM 11/14/2023 (74)
AVGO,1,Very Liquid,32%,PM 12/14/2023 (104)
XLK,1,Very Liquid,14%,
XLV,1,Very Liquid,62%,
UNH,1,Very Liquid,,AM 10/13/2023 (42)
XHB,1,Very Liquid,22%,
ADBE,1,Very Liquid,48%,PM 09/14/2023 (13)
ASML,1,Very Liquid,5%,AM 10/18/2023 (47)
LRCX,1,Very Liquid,0%,PM 10/18/2023 (47)
OIH,1,Very Liquid,0%,
MDY,1,Very Liquid,0%,
XLE,1,Very Liquid,3%,
AMAT,1,Very Liquid,2%,PM 11/16/2023 (76)
CVX,1,Very Liquid,0%,AM 10/27/2023 (56)
UPS,1,Very Liquid,6%,AM 10/24/2023 (53)
V,1,Very Liquid,4%,PM 10/24/2023 (53)
TLT,1,Very Liquid,,
XOP,1,Very Liquid,0%,
XBI,1,Very Liquid,5%,
BA,1,Very Liquid,5%,AM 10/25/2023 (54)
XLY,1,Very Liquid,2%,
DE,1,Very Liquid,1%,AM 11/22/2023 (82)
MCD,1,Very Liquid,6%,AM 10/26/2023 (55)
HUM,1,Very Liquid,20%,AM 11/01/2023 (61)
LLY,1,Very Liquid,1%,AM 11/02/2023 (62)
SBUX,1,Very Liquid,,PM 11/02/2023 (62)
TXN,1,Very Liquid,,PM 10/24/2023 (53)
NFLX,1,Very Liquid,1%,PM 10/17/2023 (46)
PEP,1,Very Liquid,13%,AM 10/11/2023 (40)
SNOW,1,Very Liquid,4%,PM 11/29/2023 (89)
AMGN,1,Very Liquid,2%,PM 11/02/2023 (62)
BLK,1,Very Liquid,5%,AM 10/12/2023 (41)
AMD,1,Very Liquid,1%,PM 10/31/2023 (60)
FSLR,1,Very Liquid,16%,PM 10/26/2023 (55)
PH,1,Very Liquid,0%,AM 11/02/2023 (62)
JNJ,1,Very Liquid,23%,AM 10/17/2023 (46)
ISRG,1,Very Liquid,10%,PM 10/17/2023 (46)
SOXX,1,Very Liquid,3%,
ULTA,1,Very Liquid,,PM 11/30/2023 (90)
VOO,1,Very Liquid,,
XRT,1,Very Liquid,,
ACN,1,Very Liquid,31%,AM 09/28/2023 (27)
XLP,1,Very Liquid,4%,
TMUS,1,Very Liquid,4%,PM 10/26/2023 (55)
LIN,1,Very Liquid,4%,AM 10/26/2023 (55)
IBM,1,Very Liquid,4%,PM 10/25/2023 (54)
INTU,1,Very Liquid,0%,PM 11/28/2023 (88)
MPC,1,Very Liquid,0%,AM 10/31/2023 (60)
CRWD,1,Very Liquid,4%,PM 11/28/2023 (88)
LQD,1,Very Liquid,12%,
SU,1,Very Liquid,0%,PM 11/01/2023 (61)
MDB,1,Very Liquid,38%,PM 12/06/2023 (96)
TGT,1,Very Liquid,,AM 11/15/2023 (75)
C,1,Very Liquid,8%,AM 10/13/2023 (42)
CAT,1,Very Liquid,1%,AM 10/26/2023 (55)
EFA,1,Very Liquid,27%,
GDXJ,1,Very Liquid,3%,
IEF,1,Very Liquid,9%,
QCOM,1,Very Liquid,0%,PM 11/08/2023 (68)
LMT,1,Very Liquid,2%,AM 10/17/2023 (46)
MS,1,Very Liquid,4%,AM 10/18/2023 (47)
WMT,1,Very Liquid,,AM 11/16/2023 (76)
XOM,1,Very Liquid,0%,AM 10/27/2023 (56)
CRM,1,Very Liquid,0%,PM 12/06/2023 (96)
TJX,1,Very Liquid,,AM 11/15/2023 (75)
NKE,1,Very Liquid,36%,PM 09/28/2023 (27)
SLV,1,Very Liquid,,
XLF,1,Very Liquid,4%,
CMG,1,Very Liquid,3%,PM 10/24/2023 (53)
RTX,1,Very Liquid,3%,AM 10/24/2023 (53)
BP,1,Very Liquid,0%,AM 10/31/2023 (60)
EEM,1,Very Liquid,7%,
KRE,1,Very Liquid,15%,
BAC,1,Very Liquid,2%,AM 10/17/2023 (46)
MU,1,Very Liquid,24%,PM 09/27/2023 (26)
EOG,1,Very Liquid,0%,PM 11/02/2023 (62)
XLU,1,Very Liquid,9%,
ANET,1,Very Liquid,2%,PM 10/30/2023 (59)
RSP,1,Very Liquid,0%,
JPM,1,Very Liquid,10%,AM 10/13/2023 (42)
DIS,1,Very Liquid,7%,PM 11/08/2023 (68)
PSA,1,Very Liquid,,PM 10/31/2023 (60)
FDX,1,Very Liquid,38%,PM 09/20/2023 (19)
CSCO,1,Very Liquid,1%,PM 11/15/2023 (75)
MRK,1,Very Liquid,1%,AM 10/26/2023 (55)
TSM,1,Very Liquid,1%,AM 10/19/2023 (48)
PYPL,1,Very Liquid,0%,PM 11/02/2023 (62)
OXY,1,Very Liquid,0%,PM 11/07/2023 (67)
NOW,1,Very Liquid,0%,PM 10/25/2023 (54)
INTC,1,Very Liquid,8%,PM 10/26/2023 (55)
VLO,1,Very Liquid,,AM 10/26/2023 (55)
BBY,1,Very Liquid,2%,AM 11/21/2023 (81)
VTI,1,Very Liquid,5%,
DOW,1,Very Liquid,2%,AM 10/24/2023 (53)
GM,1,Very Liquid,11%,AM 10/24/2023 (53)
AZN,1,Very Liquid,6%,AM 11/09/2023 (69)
EXPE,1,Very Liquid,0%,AM 11/02/2023 (62)
EWZ,1,Very Liquid,5%,
EQT,1,Very Liquid,0%,PM 10/24/2023 (53)
ABBV,1,Very Liquid,0%,AM 10/27/2023 (56)
APD,1,Very Liquid,1%,AM 11/02/2023 (62)
ALB,1,Very Liquid,0%,PM 11/01/2023 (61)
KR,1,Very Liquid,38%,AM 09/08/2023 (7)
MAR,1,Very Liquid,1%,AM 11/02/2023 (62)
LOW,1,Very Liquid,0%,AM 11/21/2023 (81)
SPOT,1,Very Liquid,4%,AM 10/24/2023 (53)
NUE,1,Very Liquid,0%,PM 10/19/2023 (48)
BDX,1,Very Liquid,3%,AM 11/09/2023 (69)
HON,1,Very Liquid,0%,AM 10/26/2023 (55)
CCJ,1,Very Liquid,0%,AM 10/31/2023 (60)
IYR,1,Very Liquid,2%,
UUP,1,Very Liquid,2%,
PANW,1,Very Liquid,3%,PM 11/16/2023 (76)
MGM,1,Very Liquid,0%,PM 11/01/2023 (61)
TMO,1,Very Liquid,5%,AM 10/25/2023 (54)
PG,1,Very Liquid,0%,AM 10/18/2023 (47)
AAPL,1,Very Liquid,9%,PM 11/02/2023 (62)
BRKB,1,Very Liquid,,
ON,1,Very Liquid,0%,AM 10/30/2023 (59)
COP,1,Very Liquid,0%,AM 11/02/2023 (62)
BABA,1,Very Liquid,0%,AM 11/16/2023 (76)
DAL,1,Very Liquid,0%,AM 10/12/2023 (41)
KO,1,Very Liquid,9%,AM 10/25/2023 (54)
ADI,1,Very Liquid,1%,AM 11/29/2023 (89)
IBB,1,Very Liquid,2%,
BMY,1,Very Liquid,13%,AM 10/26/2023 (55)
ORCL,1,Very Liquid,49%,PM 09/11/2023 (10)
UAL,1,Very Liquid,,PM 10/17/2023 (46)
ZS,1,Very Liquid,,PM 09/05/2023 (4)
RCL,1,Very Liquid,,AM 11/02/2023 (62)
SMCI,1,Very Liquid,,PM 10/31/2023 (60)
MMM,1,Very Liquid,0%,AM 10/24/2023 (53)
MRVL,1,Very Liquid,1%,PM 11/30/2023 (90)
BIDU,1,Very Liquid,1%,AM 11/21/2023 (81)
PDD,1,Very Liquid,0%,AM 11/27/2023 (87)
PINS,1,Very Liquid,5%,PM 10/26/2023 (55)
BKNG,1,Very Liquid,2%,PM 11/01/2023 (61)
PSX,1,Very Liquid,,AM 10/31/2023 (60)
GDX,1,Very Liquid,2%,
SNPS,1,Very Liquid,1%,PM 11/29/2023 (89)
ENPH,1,Very Liquid,0%,PM 10/24/2023 (53)
WYNN,1,Very Liquid,0%,PM 11/08/2023 (68)
HAL,1,Very Liquid,0%,AM 10/31/2023 (60)
WFC,1,Very Liquid,,AM 10/13/2023 (42)
MRNA,1,Very Liquid,8%,AM 11/02/2023 (62)
SPLK,1,Very Liquid,0%,PM 11/29/2023 (89)
FXI,1,Very Liquid,13%,
XLB,1,Very Liquid,8%,
TTD,1,Very Liquid,1%,PM 11/08/2023 (68)
AMZN,1,Very Liquid,0%,PM 11/02/2023 (62)
FCX,1,Very Liquid,0%,AM 10/19/2023 (48)
CB,1,Very Liquid,0%,PM 10/24/2023 (53)
ABNB,1,Very Liquid,0%,PM 11/07/2023 (67)
CLX,1,Very Liquid,18%,PM 11/01/2023 (61)
SLB,1,Very Liquid,,AM 10/20/2023 (49)
WDAY,1,Very Liquid,,PM 11/28/2023 (88)
SHOP,1,Very Liquid,3%,PM 11/02/2023 (62)
RH,1,Very Liquid,,PM 09/07/2023 (6)
ADSK,1,Very Liquid,0%,PM 11/21/2023 (81)
ARKK,1,Very Liquid,3%,
DECK,1,Very Liquid,0%,PM 10/26/2023 (55)
OKTA,1,Very Liquid,0%,PM 11/29/2023 (89)
NXPI,1,Very Liquid,0%,PM 11/06/2023 (66)
UBER,1,Very Liquid,,AM 10/31/2023 (60)
PAYX,1,Very Liquid,8%,AM 09/27/2023 (26)
AON,1,Very Liquid,5%,AM 10/27/2023 (56)
LVS,1,Very Liquid,1%,PM 10/18/2023 (47)
DDOG,1,Very Liquid,0%,AM 11/09/2023 (69)
CVS,1,Very Liquid,22%,AM 11/01/2023 (61)
LI,1,Very Liquid,2%,AM 12/08/2023 (98)
CTAS,1,Very Liquid,3%,AM 09/27/2023 (26)
HDV,1,Very Liquid,14%,
STZ,1,Very Liquid,6%,AM 10/05/2023 (34)
PRU,1,Very Liquid,,PM 10/31/2023 (60)
FANG,1,Very Liquid,0%,PM 11/06/2023 (66)
EL,1,Very Liquid,5%,AM 11/01/2023 (61)
TECK,1,Very Liquid,,AM 10/24/2023 (53)
ABT,1,Very Liquid,12%,AM 10/18/2023 (47)
EBAY,1,Very Liquid,0%,PM 10/25/2023 (54)
SCHW,1,Very Liquid,,AM 10/16/2023 (45)
TTWO,1,Very Liquid,,PM 11/06/2023 (66)
MRO,1,Very Liquid,0%,PM 11/01/2023 (61)
UNP,1,Very Liquid,0%,AM 10/19/2023 (48)
LNG,1,Very Liquid,3%,AM 11/02/2023 (62)
LULU,1,Very Liquid,64%,PM 12/07/2023 (97)
EXPD,1,Very Liquid,3%,AM 11/07/2023 (67)
TWLO,1,Very Liquid,,PM 11/09/2023 (69)
CMCSA,1,Very Liquid,0%,AM 10/26/2023 (55)
MELI,1,Very Liquid,1%,PM 11/02/2023 (62)
DLR,1,Very Liquid,5%,PM 10/26/2023 (55)
MNDY,1,Very Liquid,0%,AM 11/13/2023 (73)
FI,1,Very Liquid,,AM 10/26/2023 (55)
NVO,1,Very Liquid,22%,AM 11/02/2023 (62)
SQ,1,Very Liquid,,PM 11/02/2023 (62)
FAST,1,Very Liquid,11%,AM 10/12/2023 (41)
USO,1,Very Liquid,0%,
VDE,1,Very Liquid,,
SEDG,1,Very Liquid,0%,PM 11/06/2023 (66)
CELH,1,Very Liquid,1%,PM 11/08/2023 (68)
AMT,1,Very Liquid,1%,AM 10/26/2023 (55)
SPYG,1,Very Liquid,,
ROKU,1,Very Liquid,0%,PM 11/01/2023 (61)
W,1,Very Liquid,0%,AM 11/02/2023 (62)
KMX,1,Very Liquid,36%,AM 09/28/2023 (27)
HPQ,1,Very Liquid,2%,PM 11/21/2023 (81)
KWEB,1,Very Liquid,12%,
AXP,1,Very Liquid,4%,AM 10/20/2023 (49)
EMR,1,Very Liquid,0%,AM 11/01/2023 (61)
CCL,1,Very Liquid,9%,AM 09/28/2023 (27)
ADM,1,Very Liquid,4%,AM 10/24/2023 (53)
DASH,1,Very Liquid,1%,PM 11/02/2023 (62)
URI,1,Very Liquid,7%,PM 10/25/2023 (54)
JNK,1,Very Liquid,,
DOCU,1,Very Liquid,31%,PM 09/07/2023 (6)
ROST,1,Very Liquid,1%,PM 11/16/2023 (76)
AR,1,Very Liquid,0%,PM 10/25/2023 (54)
SWKS,1,Very Liquid,0%,PM 11/02/2023 (62)
U,1,Very Liquid,,PM 11/01/2023 (61)
GWW,1,Very Liquid,2%,AM 10/26/2023 (55)
IGT,1,Very Liquid,0%,AM 11/07/2023 (67)
GNRC,1,Very Liquid,0%,AM 11/01/2023 (61)
GE,1,Very Liquid,4%,AM 10/24/2023 (53)
APA,1,Very Liquid,0%,PM 11/01/2023 (61)
DPZ,1,Very Liquid,5%,AM 10/12/2023 (41)
STX,1,Very Liquid,4%,PM 10/25/2023 (54)
SPG,1,Very Liquid,10%,PM 10/30/2023 (59)
VEEV,1,Very Liquid,,PM 11/30/2023 (90)
WDC,1,Very Liquid,,PM 10/26/2023 (55)
PLTR,1,Very Liquid,19%,PM 11/06/2023 (66)
NTR,1,Very Liquid,13%,PM 11/01/2023 (61)
MO,1,Very Liquid,15%,AM 10/26/2023 (55)
NEM,1,Very Liquid,0%,AM 10/31/2023 (60)
DVN,1,Very Liquid,1%,PM 10/31/2023 (60)
FDN,1,Very Liquid,3%,
GD,1,Very Liquid,0%,AM 10/25/2023 (54)
ACWI,1,Very Liquid,3%,
JBL,1,Very Liquid,14%,AM 09/26/2023 (25)
DHI,1,Very Liquid,11%,AM 11/09/2023 (69)
ET,1,Very Liquid,3%,PM 10/31/2023 (60)
SO,1,Very Liquid,11%,AM 11/02/2023 (62)
TQQQ,1,Very Liquid,4%,
SHEL,1,Very Liquid,0%,AM 11/02/2023 (62)
NOC,1,Very Liquid,9%,AM 10/26/2023 (55)
MTCH,1,Very Liquid,1%,PM 10/31/2023 (60)
DGRO,1,Very Liquid,9%,
AEP,1,Very Liquid,2%,AM 10/26/2023 (55)
EPD,1,Very Liquid,3%,AM 10/31/2023 (60)
AIG,1,Very Liquid,0%,PM 11/01/2023 (61)
DLTR,1,Very Liquid,2%,AM 11/21/2023 (81)
EWJ,1,Very Liquid,0%,
TNA,1,Very Liquid,0%,
LIT,1,Very Liquid,20%,
MASI,1,Very Liquid,10%,PM 11/09/2023 (69)
KMI,1,Very Liquid,0%,PM 10/18/2023 (47)
ZM,1,Very Liquid,,PM 11/20/2023 (80)
MCHP,1,Very Liquid,0%,PM 11/02/2023 (62)
HES,1,Very Liquid,1%,AM 10/25/2023 (54)
GSK,1,Very Liquid,1%,-- 11/01/2023 (61)
PFE,1,Very Liquid,9%,AM 10/31/2023 (60)
ITA,1,Very Liquid,1%,
PWR,1,Very Liquid,0%,AM 11/02/2023 (62)
PXD,1,Very Liquid,1%,PM 10/26/2023 (55)
XPEV,1,Very Liquid,2%,AM 11/30/2023 (90)
ALL,1,Very Liquid,5%,PM 11/01/2023 (61)
LEN,1,Very Liquid,35%,PM 09/20/2023 (19)
BUD,1,Very Liquid,0%,AM 10/31/2023 (60)
VZ,1,Very Liquid,8%,AM 10/24/2023 (53)
ETN,1,Very Liquid,0%,AM 10/31/2023 (60)
MDLZ,1,Very Liquid,8%,PM 10/31/2023 (60)
JCI,1,Very Liquid,1%,AM 11/02/2023 (62)
MPWR,1,Very Liquid,0%,PM 10/26/2023 (55)
JD,1,Very Liquid,0%,AM 11/17/2023 (77)
CF,1,Very Liquid,1%,PM 11/01/2023 (61)
LYV,1,Very Liquid,3%,PM 11/02/2023 (62)
HCA,1,Very Liquid,1%,AM 10/20/2023 (49)
RIO,1,Very Liquid,0%,AM 02/21/2024 (173)
MET,1,Very Liquid,3%,PM 11/01/2023 (61)
DUK,1,Very Liquid,2%,AM 11/02/2023 (62)
DD,1,Very Liquid,0%,AM 11/07/2023 (67)
SCCO,1,Very Liquid,,PM 10/26/2023 (55)
TBT,1,Very Liquid,,
DRI,1,Very Liquid,12%,AM 09/21/2023 (20)
UPRO,1,Very Liquid,3%,
ERX,1,Very Liquid,0%,
KHC,1,Very Liquid,0%,AM 11/01/2023 (61)
ETSY,1,Very Liquid,0%,PM 11/08/2023 (68)
K,1,Very Liquid,10%,AM 11/02/2023 (62)
XLC,1,Very Liquid,5%,
DKNG,1,Very Liquid,1%,PM 11/03/2023 (63)
CL,1,Very Liquid,8%,AM 10/27/2023 (56)
HUBS,1,Very Liquid,0%,PM 11/01/2023 (61)
CPE,1,Very Liquid,0%,PM 11/01/2023 (61)
COF,1,Very Liquid,2%,PM 10/26/2023 (55)
A,1,Very Liquid,5%,PM 11/20/2023 (80)
UL,1,Very Liquid,,AM 02/08/2024 (160)
DPST,1,Very Liquid,7%,
BTU,1,Very Liquid,0%,AM 11/02/2023 (62)
XPO,1,Very Liquid,,AM 10/31/2023 (60)
DG,1,Very Liquid,19%,AM 12/07/2023 (97)
WIX,1,Very Liquid,,AM 11/02/2023 (62)
HRB,1,Very Liquid,0%,PM 11/07/2023 (67)
XEL,1,Very Liquid,23%,AM 10/26/2023 (55)
JETS,1,Very Liquid,4%,
PPG,1,Very Liquid,,PM 10/18/2023 (47)
DKS,1,Very Liquid,4%,AM 11/21/2023 (81)
NCLH,1,Very Liquid,0%,AM 10/31/2023 (60)
APTV,1,Very Liquid,0%,AM 11/02/2023 (62)
HYG,1,Very Liquid,8%,
CDAY,1,Very Liquid,0%,PM 11/01/2023 (61)
AVB,1,Very Liquid,5%,PM 11/09/2023 (69)
PCAR,1,Very Liquid,5%,AM 10/24/2023 (53)
CAH,1,Very Liquid,8%,AM 11/02/2023 (62)
LHX,1,Very Liquid,3%,PM 10/26/2023 (55)
PHM,1,Very Liquid,20%,AM 10/24/2023 (53)
SSO,1,Very Liquid,,
FUTU,1,Very Liquid,17%,AM 11/23/2023 (83)
BSX,1,Very Liquid,12%,AM 10/25/2023 (54)
XME,1,Very Liquid,0%,
AAL,1,Very Liquid,0%,AM 10/19/2023 (48)
GIS,1,Very Liquid,39%,AM 09/20/2023 (19)
SOXL,1,Very Liquid,3%,
AER,1,Very Liquid,0%,AM 11/02/2023 (62)
TD,1,Very Liquid,,AM 11/30/2023 (90)
HWM,1,Very Liquid,0%,AM 10/31/2023 (60)
DFS,1,Very Liquid,8%,PM 10/23/2023 (52)
LAD,1,Very Liquid,5%,AM 10/25/2023 (54)
LUV,1,Very Liquid,0%,AM 10/26/2023 (55)
Z,1,Very Liquid,,PM 11/01/2023 (61)
CP,1,Very Liquid,0%,PM 10/25/2023 (54)
CTSH,1,Very Liquid,0%,PM 11/08/2023 (68)
LOGI,1,Very Liquid,0%,PM 10/23/2023 (52)
TER,1,Very Liquid,,PM 10/24/2023 (53)
CCI,1,Very Liquid,7%,PM 10/18/2023 (47)
CI,1,Very Liquid,7%,AM 11/02/2023 (62)
WPM,1,Very Liquid,,PM 11/09/2023 (69)
NEE,1,Very Liquid,0%,AM 10/26/2023 (55)
EMB,1,Very Liquid,26%,
WELL,1,Very Liquid,,PM 11/06/2023 (66)
TRGP,1,Very Liquid,0%,AM 11/02/2023 (62)
FNGS,1,Very Liquid,13%,
RL,1,Very Liquid,0%,AM 11/09/2023 (69)
EWG,1,Very Liquid,6%,
BHP,1,Very Liquid,33%,-- 02/22/2024 (174)
NTES,1,Very Liquid,0%,AM 11/23/2023 (83)
MNST,1,Very Liquid,0%,PM 11/02/2023 (62)
NLY,1,Very Liquid,5%,PM 10/25/2023 (54)
TEAM,1,Very Liquid,,PM 11/02/2023 (62)
GOLD,1,Very Liquid,4%,AM 11/02/2023 (62)
DHR,1,Very Liquid,6%,AM 10/19/2023 (48)
KSS,1,Very Liquid,14%,AM 11/16/2023 (76)
WM,1,Very Liquid,,PM 10/25/2023 (54)
ROK,1,Very Liquid,3%,AM 11/02/2023 (62)
SHW,1,Very Liquid,0%,AM 10/24/2023 (53)
BLDR,1,Very Liquid,18%,AM 11/07/2023 (67)
CHK,1,Very Liquid,0%,PM 10/31/2023 (60)
GLW,1,Very Liquid,0%,AM 10/24/2023 (53)
MGA,1,Very Liquid,0%,AM 11/10/2023 (70)
SWK,1,Very Liquid,0%,AM 11/02/2023 (62)
TSCO,1,Very Liquid,2%,AM 10/26/2023 (55)
AA,1,Very Liquid,1%,PM 10/18/2023 (47)
NTAP,1,Very Liquid,11%,PM 11/28/2023 (88)
SYY,1,Very Liquid,5%,AM 10/31/2023 (60)
PGR,1,Very Liquid,15%,AM 10/12/2023 (41)
GILD,1,Very Liquid,11%,PM 10/26/2023 (55)
RY,1,Very Liquid,,AM 11/30/2023 (90)
WHR,1,Very Liquid,,PM 10/23/2023 (52)
TZA,1,Very Liquid,,
AAP,1,Very Liquid,14%,AM 11/14/2023 (74)
SRE,1,Very Liquid,,AM 11/02/2023 (62)
STT,1,Very Liquid,8%,AM 10/18/2023 (47)
FAS,1,Very Liquid,0%,
OKE,1,Very Liquid,1%,PM 10/31/2023 (60)
SE,1,Very Liquid,6%,AM 11/14/2023 (74)
AEO,1,Very Liquid,28%,PM 09/06/2023 (5)
BILL,1,Very Liquid,2%,PM 11/02/2023 (62)
QLD,1,Very Liquid,0%,
RRX,1,Very Liquid,0%,PM 11/06/2023 (66)
FSLY,1,Very Liquid,4%,PM 11/01/2023 (61)
RBLX,1,Very Liquid,,AM 11/09/2023 (69)
MDT,1,Very Liquid,35%,AM 11/21/2023 (81)
BALL,1,Very Liquid,1%,AM 11/02/2023 (62)
EWY,1,Very Liquid,20%,
SKYY,1,Very Liquid,,
PENN,1,Very Liquid,0%,AM 11/02/2023 (62)
CLF,1,Very Liquid,9%,PM 10/24/2023 (53)
NRG,1,Very Liquid,0%,AM 11/09/2023 (69)
ITB,1,Very Liquid,1%,
LYB,1,Very Liquid,0%,AM 11/03/2023 (63)
AKAM,1,Very Liquid,0%,PM 11/09/2023 (69)
TSN,1,Very Liquid,12%,AM 11/13/2023 (73)
IVW,1,Very Liquid,0%,
BILI,1,Very Liquid,1%,AM 11/22/2023 (82)
CVNA,1,Very Liquid,0%,AM 11/02/2023 (62)
GOOGL,1,Very Liquid,6%,PM 10/24/2023 (53)
PSTG,1,Very Liquid,,PM 11/29/2023 (89)
COIN,1,Very Liquid,1%,PM 11/02/2023 (62)
SOFI,1,Very Liquid,0%,AM 10/31/2023 (60)
AFRM,1,Very Liquid,1%,PM 11/07/2023 (67)
AI,1,Very Liquid,20%,PM 09/06/2023 (5)
VGK,1,Very Liquid,,
ALC,1,Very Liquid,2%,
X,1,Very Liquid,5%,PM 10/26/2023 (55)
KBE,1,Very Liquid,8%,
EXC,1,Very Liquid,0%,AM 11/02/2023 (62)
EWW,1,Very Liquid,32%,
IPG,1,Very Liquid,0%,AM 10/19/2023 (48)
ODFL,1,Very Liquid,0%,AM 10/25/2023 (54)
RIVN,1,Very Liquid,0%,PM 11/09/2023 (69)
TAP,1,Very Liquid,0%,AM 10/31/2023 (60)
WBA,1,Very Liquid,,AM 10/12/2023 (41)
PLD,1,Very Liquid,0%,AM 10/19/2023 (48)
PM,1,Very Liquid,15%,AM 10/19/2023 (48)
FTNT,1,Very Liquid,4%,PM 11/01/2023 (61)
BK,1,Very Liquid,5%,AM 10/17/2023 (46)
YETI,1,Very Liquid,,AM 11/09/2023 (69)
FIS,1,Very Liquid,0%,AM 11/02/2023 (62)
CHWY,1,Very Liquid,0%,PM 12/07/2023 (97)
BKR,1,Very Liquid,1%,AM 10/18/2023 (47)
SVXY,1,Very Liquid,17%,
PCG,1,Very Liquid,10%,AM 11/02/2023 (62)
BX,1,Very Liquid,0%,AM 10/19/2023 (48)
AJG,1,Very Liquid,5%,PM 10/26/2023 (55)
SYF,1,Very Liquid,0%,AM 10/25/2023 (54)
CIEN,1,Very Liquid,2%,AM 12/07/2023 (97)
GEHC,1,Very Liquid,3%,AM 10/24/2023 (53)
MOS,1,Very Liquid,0%,PM 11/06/2023 (66)
SNAP,1,Very Liquid,0%,PM 10/26/2023 (55)
SFM,1,Very Liquid,1%,PM 11/10/2023 (70)
PSFE,1,Very Liquid,,AM 11/09/2023 (69)
NET,1,Very Liquid,0%,PM 11/02/2023 (62)
LSCC,1,Very Liquid,1%,PM 10/30/2023 (59)
EA,1,Very Liquid,7%,PM 11/01/2023 (61)
WAL,1,Very Liquid,3%,PM 10/19/2023 (48)
SKX,1,Very Liquid,,PM 10/24/2023 (53)
UBS,1,Very Liquid,,AM 11/07/2023 (67)
CYBR,1,Very Liquid,0%,AM 11/02/2023 (62)
CPB,1,Very Liquid,54%,AM 12/06/2023 (96)
FE,1,Very Liquid,2%,PM 10/24/2023 (53)
ANF,1,Very Liquid,8%,AM 11/22/2023 (82)
RRC,1,Very Liquid,0%,PM 10/23/2023 (52)
STM,1,Very Liquid,,AM 10/26/2023 (55)
PZZA,1,Very Liquid,2%,AM 11/02/2023 (62)
CROX,1,Very Liquid,0%,AM 11/02/2023 (62)
IAU,1,Very Liquid,1%,
MCHI,1,Very Liquid,9%,
MTB,1,Very Liquid,16%,AM 10/18/2023 (47)
SCHD,1,Very Liquid,,
CPNG,1,Very Liquid,0%,PM 11/08/2023 (68)
D,1,Very Liquid,25%,AM 11/03/2023 (63)
RGLD,1,Very Liquid,,PM 11/01/2023 (61)
M,1,Very Liquid,0%,AM 11/16/2023 (76)
VST,1,Very Liquid,0%,AM 11/03/2023 (63)
IHI,1,Very Liquid,12%,
OHI,1,Very Liquid,2%,PM 11/02/2023 (62)
CBOE,1,Very Liquid,0%,AM 11/09/2023 (69)
FICO,1,Very Liquid,0%,PM 11/08/2023 (68)
MSI,1,Very Liquid,1%,PM 11/02/2023 (62)
SIG,1,Very Liquid,0%,AM 12/05/2023 (95)
MUR,1,Very Liquid,0%,AM 11/02/2023 (62)
CHTR,1,Very Liquid,0%,AM 10/27/2023 (56)
CME,1,Very Liquid,0%,AM 10/25/2023 (54)
VTR,1,Very Liquid,0%,PM 11/02/2023 (62)
GPS,1,Very Liquid,0%,PM 11/24/2023 (84)
KBH,1,Very Liquid,39%,PM 09/20/2023 (19)
ZTS,1,Very Liquid,,AM 11/02/2023 (62)
SONY,1,Very Liquid,0%,-- 11/09/2023 (69)
FOXA,1,Very Liquid,0%,AM 10/31/2023 (60)
ADP,1,Very Liquid,5%,AM 10/25/2023 (54)
SYK,1,Very Liquid,2%,PM 10/31/2023 (60)
IDXX,1,Very Liquid,0%,AM 10/31/2023 (60)
KEYS,1,Very Liquid,11%,PM 11/16/2023 (76)
VNQ,1,Very Liquid,,
TDOC,1,Very Liquid,,PM 10/25/2023 (54)
VALE,1,Very Liquid,8%,-- 10/26/2023 (55)
TTT,1,Very Liquid,,
ARMK,1,Very Liquid,13%,AM 11/14/2023 (74)
BNTX,1,Very Liquid,13%,AM 11/06/2023 (66)
SQQQ,1,Very Liquid,,
HP,1,Very Liquid,3%,PM 11/15/2023 (75)
TOL,1,Very Liquid,20%,PM 12/05/2023 (95)
VGT,2,Somewhat Liquid,,
TIP,2,Somewhat Liquid,,
IVV,2,Somewhat Liquid,5%,
IGV,2,Somewhat Liquid,1%,
LH,2,Somewhat Liquid,5%,AM 10/26/2023 (55)
IJH,2,Somewhat Liquid,2%,
ORLY,2,Somewhat Liquid,3%,PM 10/25/2023 (54)
IWF,2,Somewhat Liquid,3%,
AMP,2,Somewhat Liquid,3%,PM 10/25/2023 (54)
AGG,2,Somewhat Liquid,,
FXE,2,Somewhat Liquid,15%,
PCTY,2,Somewhat Liquid,0%,PM 11/02/2023 (62)
PEG,2,Somewhat Liquid,11%,AM 10/31/2023 (60)
BOND,2,Somewhat Liquid,,
PGJ,2,Somewhat Liquid,24%,
KLAC,2,Somewhat Liquid,1%,PM 10/25/2023 (54)
VGSH,2,Somewhat Liquid,,
WAT,2,Somewhat Liquid,0%,AM 11/01/2023 (61)
QQQM,2,Somewhat Liquid,1%,
VBK,2,Somewhat Liquid,0%,
MCK,2,Somewhat Liquid,10%,PM 10/31/2023 (60)
ED,2,Somewhat Liquid,4%,PM 11/02/2023 (62)
IYT,2,Somewhat Liquid,1%,
AEE,2,Somewhat Liquid,9%,PM 11/02/2023 (62)
JBHT,2,Somewhat Liquid,1%,-- 10/17/2023 (46)
FXF,2,Somewhat Liquid,18%,
SAP,2,Somewhat Liquid,,AM 10/19/2023 (48)
FXB,2,Somewhat Liquid,7%,
VCLT,2,Somewhat Liquid,,
AFL,2,Somewhat Liquid,1%,PM 11/01/2023 (61)
IEMG,2,Somewhat Liquid,5%,
SNA,2,Somewhat Liquid,5%,AM 10/19/2023 (48)
IJR,2,Somewhat Liquid,0%,
CDW,2,Somewhat Liquid,0%,AM 11/01/2023 (61)
APO,2,Somewhat Liquid,1%,AM 11/02/2023 (62)
IVE,2,Somewhat Liquid,21%,
IWN,2,Somewhat Liquid,10%,
H,2,Somewhat Liquid,6%,AM 11/02/2023 (62)
IWD,2,Somewhat Liquid,6%,
VTV,2,Somewhat Liquid,0%,
VO,2,Somewhat Liquid,,
YCS,2,Somewhat Liquid,,
GDDY,2,Somewhat Liquid,0%,PM 11/02/2023 (62)
EMN,2,Somewhat Liquid,2%,PM 10/26/2023 (55)
RS,2,Somewhat Liquid,0%,AM 10/26/2023 (55)
AME,2,Somewhat Liquid,0%,AM 10/31/2023 (60)
TXT,2,Somewhat Liquid,,AM 10/26/2023 (55)
FNF,2,Somewhat Liquid,11%,PM 11/07/2023 (67)
CZR,2,Somewhat Liquid,0%,PM 10/31/2023 (60)
UDOW,2,Somewhat Liquid,,
VB,2,Somewhat Liquid,0%,
BC,2,Somewhat Liquid,3%,AM 10/26/2023 (55)
IBKR,2,Somewhat Liquid,6%,PM 10/17/2023 (46)
VOYA,2,Somewhat Liquid,2%,PM 10/31/2023 (60)
FIVE,2,Somewhat Liquid,7%,PM 11/29/2023 (89)
ITW,2,Somewhat Liquid,0%,AM 10/24/2023 (53)
RACE,2,Somewhat Liquid,8%,AM 11/02/2023 (62)
SPGI,2,Somewhat Liquid,5%,AM 10/26/2023 (55)
RVTY,2,Somewhat Liquid,,AM 11/07/2023 (67)
VCIT,2,Somewhat Liquid,,
ETR,2,Somewhat Liquid,0%,AM 11/01/2023 (61)
FDS,2,Somewhat Liquid,8%,AM 09/21/2023 (20)
PPH,2,Somewhat Liquid,,
IQV,2,Somewhat Liquid,3%,AM 10/26/2023 (55)
VIG,2,Somewhat Liquid,,
BMO,2,Somewhat Liquid,13%,AM 12/01/2023 (91)
HII,2,Somewhat Liquid,4%,AM 11/02/2023 (62)
EWT,2,Somewhat Liquid,3%,
FXA,2,Somewhat Liquid,6%,
FTV,2,Somewhat Liquid,0%,AM 10/25/2023 (54)
DLB,2,Somewhat Liquid,3%,PM 11/16/2023 (76)
HIG,2,Somewhat Liquid,1%,PM 10/26/2023 (55)
FERG,2,Somewhat Liquid,20%,
STLD,2,Somewhat Liquid,,PM 10/18/2023 (47)
BIB,2,Somewhat Liquid,4%,
CRI,2,Somewhat Liquid,7%,AM 10/27/2023 (56)
SNY,2,Somewhat Liquid,28%,AM 10/27/2023 (56)
PNR,2,Somewhat Liquid,0%,AM 10/31/2023 (60)
REGN,2,Somewhat Liquid,,AM 11/02/2023 (62)
DXJ,2,Somewhat Liquid,10%,
EXP,2,Somewhat Liquid,9%,AM 10/26/2023 (55)
CIBR,2,Somewhat Liquid,0%,
DOV,2,Somewhat Liquid,1%,AM 10/19/2023 (48)
R,2,Somewhat Liquid,0%,AM 10/25/2023 (54)
DINO,2,Somewhat Liquid,0%,AM 11/02/2023 (62)
VUG,2,Somewhat Liquid,0%,
BHF,2,Somewhat Liquid,0%,PM 11/06/2023 (66)
BYD,2,Somewhat Liquid,1%,PM 10/24/2023 (53)
SPLG,2,Somewhat Liquid,2%,
AAXJ,2,Somewhat Liquid,15%,
WIRE,2,Somewhat Liquid,,PM 10/24/2023 (53)
IGIB,2,Somewhat Liquid,4%,
CRUS,2,Somewhat Liquid,4%,PM 11/01/2023 (61)
SEAS,2,Somewhat Liquid,3%,AM 11/08/2023 (68)
JACK,2,Somewhat Liquid,5%,AM 11/28/2023 (88)
DVY,2,Somewhat Liquid,0%,
AZO,2,Somewhat Liquid,17%,AM 09/19/2023 (18)
IJS,2,Somewhat Liquid,6%,
WCLD,2,Somewhat Liquid,,
LPX,2,Somewhat Liquid,7%,AM 10/31/2023 (60)
BNS,2,Somewhat Liquid,23%,AM 11/28/2023 (88)
UVV,2,Somewhat Liquid,18%,PM 11/02/2023 (62)
MSCI,2,Somewhat Liquid,0%,AM 10/24/2023 (53)
GSLC,2,Somewhat Liquid,14%,
IDCC,2,Somewhat Liquid,3%,AM 11/02/2023 (62)
MHK,2,Somewhat Liquid,1%,PM 10/26/2023 (55)
IHF,2,Somewhat Liquid,11%,
SM,2,Somewhat Liquid,,PM 11/02/2023 (62)
BCO,2,Somewhat Liquid,23%,AM 10/25/2023 (54)
VXF,2,Somewhat Liquid,15%,
VCSH,2,Somewhat Liquid,,
BSV,2,Somewhat Liquid,,
AVAV,2,Somewhat Liquid,43%,PM 09/05/2023 (4)
RYN,2,Somewhat Liquid,,PM 11/01/2023 (61)
EUO,2,Somewhat Liquid,14%,
SQSP,2,Somewhat Liquid,,AM 11/07/2023 (67)
SYNA,2,Somewhat Liquid,0%,PM 11/02/2023 (62)
IWP,2,Somewhat Liquid,0%,
EZU,2,Somewhat Liquid,5%,
KNX,2,Somewhat Liquid,0%,PM 10/18/2023 (47)
VOT,2,Somewhat Liquid,0%,
BKE,2,Somewhat Liquid,6%,AM 11/17/2023 (77)
XND,2,Somewhat Liquid,,
NSC,2,Somewhat Liquid,15%,AM 10/25/2023 (54)
UST,2,Somewhat Liquid,19%,
CINF,2,Somewhat Liquid,0%,PM 10/31/2023 (60)
SBAC,2,Somewhat Liquid,,PM 10/30/2023 (59)
SITM,2,Somewhat Liquid,,PM 11/01/2023 (61)
GLOB,2,Somewhat Liquid,3%,PM 11/16/2023 (76)
JKHY,2,Somewhat Liquid,15%,PM 11/07/2023 (67)
KIE,2,Somewhat Liquid,2%,
TPG,2,Somewhat Liquid,0%,AM 11/09/2023 (69)
VBR,2,Somewhat Liquid,,
SMAR,2,Somewhat Liquid,,PM 09/07/2023 (6)
TPX,2,Somewhat Liquid,0%,AM 11/09/2023 (69)
SCI,2,Somewhat Liquid,11%,PM 10/31/2023 (60)
VTWO,2,Somewhat Liquid,0%,
SPTL,2,Somewhat Liquid,,
TDG,2,Somewhat Liquid,,AM 11/09/2023 (69)
KKR,2,Somewhat Liquid,0%,AM 10/31/2023 (60)
BCE,2,Somewhat Liquid,15%,AM 11/02/2023 (62)
ACLS,2,Somewhat Liquid,6%,PM 11/01/2023 (61)
TRMB,2,Somewhat Liquid,2%,AM 11/01/2023 (61)
CNP,2,Somewhat Liquid,4%,AM 10/31/2023 (60)
PAG,2,Somewhat Liquid,2%,AM 10/25/2023 (54)
DDM,2,Somewhat Liquid,5%,
PFSI,2,Somewhat Liquid,0%,PM 10/26/2023 (55)
TYL,2,Somewhat Liquid,,PM 10/25/2023 (54)
MT,2,Somewhat Liquid,1%,AM 11/09/2023 (69)
HRI,2,Somewhat Liquid,12%,AM 10/19/2023 (48)
NNN,2,Somewhat Liquid,23%,AM 11/01/2023 (61)
DT,2,Somewhat Liquid,11%,AM 11/01/2023 (61)
FXH,2,Somewhat Liquid,9%,
PAVE,2,Somewhat Liquid,0%,
VFH,2,Somewhat Liquid,,
ARGX,2,Somewhat Liquid,1%,AM 10/31/2023 (60)
REMX,2,Somewhat Liquid,,
AWK,2,Somewhat Liquid,2%,PM 11/01/2023 (61)
CBRE,2,Somewhat Liquid,0%,AM 10/26/2023 (55)
NICE,2,Somewhat Liquid,0%,AM 11/09/2023 (69)
HYD,2,Somewhat Liquid,,
CMI,2,Somewhat Liquid,1%,AM 11/02/2023 (62)
TCOM,2,Somewhat Liquid,,PM 09/04/2023 (3)
PBR,2,Somewhat Liquid,2%,PM 10/31/2023 (60)
AMBA,2,Somewhat Liquid,0%,PM 11/28/2023 (88)
FLEX,2,Somewhat Liquid,0%,PM 10/25/2023 (54)
WMB,2,Somewhat Liquid,,PM 10/30/2023 (59)
BOIL,2,Somewhat Liquid,10%,
FN,2,Somewhat Liquid,15%,PM 11/08/2023 (68)
DBX,2,Somewhat Liquid,8%,PM 11/02/2023 (62)
POOL,2,Somewhat Liquid,2%,AM 10/19/2023 (48)
AEM,2,Somewhat Liquid,0%,PM 10/25/2023 (54)
COTY,2,Somewhat Liquid,3%,AM 11/08/2023 (68)
UVXY,2,Somewhat Liquid,7%,
UPST,2,Somewhat Liquid,6%,PM 11/07/2023 (67)
TMV,2,Somewhat Liquid,12%,
AGNC,2,Somewhat Liquid,0%,PM 10/23/2023 (52)
FNV,2,Somewhat Liquid,2%,PM 11/08/2023 (68)
VXX,2,Somewhat Liquid,4%,
TECL,2,Somewhat Liquid,,
DUOL,2,Somewhat Liquid,0%,PM 11/09/2023 (69)
PNC,2,Somewhat Liquid,8%,AM 10/13/2023 (42)
SPXS,2,Somewhat Liquid,,
SPXL,2,Somewhat Liquid,,
TROW,2,Somewhat Liquid,0%,AM 10/26/2023 (55)
DXD,2,Somewhat Liquid,10%,
RMBS,2,Somewhat Liquid,28%,PM 10/30/2023 (59)
CLH,2,Somewhat Liquid,0%,AM 11/01/2023 (61)
POST,2,Somewhat Liquid,18%,PM 11/16/2023 (76)
APP,2,Somewhat Liquid,0%,PM 11/08/2023 (68)
MPLX,2,Somewhat Liquid,3%,AM 10/31/2023 (60)
CC,2,Somewhat Liquid,0%,PM 10/26/2023 (55)
INDA,2,Somewhat Liquid,0%,
TFC,2,Somewhat Liquid,,AM 10/19/2023 (48)
BURL,2,Somewhat Liquid,2%,AM 11/24/2023 (84)
BTI,2,Somewhat Liquid,0%,-- 02/08/2024 (160)
NDAQ,2,Somewhat Liquid,7%,AM 10/18/2023 (47)
YUMC,2,Somewhat Liquid,,PM 10/31/2023 (60)
OVV,2,Somewhat Liquid,0%,PM 11/07/2023 (67)
HOOD,2,Somewhat Liquid,0%,PM 11/01/2023 (61)
LYFT,2,Somewhat Liquid,4%,PM 11/06/2023 (66)
BOX,2,Somewhat Liquid,0%,PM 11/29/2023 (89)
XLRE,2,Somewhat Liquid,10%,
WCC,2,Somewhat Liquid,,AM 11/02/2023 (62)
ALLY,2,Somewhat Liquid,0%,AM 10/19/2023 (48)
ALGN,2,Somewhat Liquid,1%,PM 10/25/2023 (54)
EQNR,2,Somewhat Liquid,11%,AM 10/27/2023 (56)
NIO,2,Somewhat Liquid,3%,AM 11/09/2023 (69)
AGQ,2,Somewhat Liquid,2%,
SQM,2,Somewhat Liquid,,PM 11/15/2023 (75)
ARKG,2,Somewhat Liquid,5%,
WY,2,Somewhat Liquid,0%,PM 10/26/2023 (55)
GTLB,2,Somewhat Liquid,38%,PM 09/05/2023 (4)
VTLE,2,Somewhat Liquid,0%,PM 11/02/2023 (62)
CTRA,2,Somewhat Liquid,0%,PM 11/02/2023 (62)
MSTR,2,Somewhat Liquid,3%,PM 10/31/2023 (60)
KMB,2,Somewhat Liquid,5%,AM 10/24/2023 (53)
CARR,2,Somewhat Liquid,14%,AM 10/26/2023 (55)
DELL,2,Somewhat Liquid,50%,PM 11/30/2023 (90)
BBWI,2,Somewhat Liquid,5%,AM 11/22/2023 (82)
IAT,2,Somewhat Liquid,5%,
HTZ,2,Somewhat Liquid,3%,AM 10/26/2023 (55)
URNM,2,Somewhat Liquid,16%,
TTE,2,Somewhat Liquid,13%,-- 10/26/2023 (55)
HOG,2,Somewhat Liquid,0%,AM 10/25/2023 (54)
EFX,2,Somewhat Liquid,1%,PM 10/18/2023 (47)
URBN,2,Somewhat Liquid,0%,PM 11/21/2023 (81)
USB,2,Somewhat Liquid,13%,AM 10/18/2023 (47)
RIG,2,Somewhat Liquid,0%,PM 11/01/2023 (61)
HLT,2,Somewhat Liquid,0%,AM 10/25/2023 (54)
HUN,2,Somewhat Liquid,0%,PM 10/30/2023 (59)
IRM,2,Somewhat Liquid,12%,AM 11/02/2023 (62)
VYM,2,Somewhat Liquid,0%,
NTNX,2,Somewhat Liquid,40%,PM 11/29/2023 (89)
WSM,2,Somewhat Liquid,,AM 11/16/2023 (76)
YELP,2,Somewhat Liquid,,PM 11/02/2023 (62)
VNT,2,Somewhat Liquid,,AM 11/02/2023 (62)
SPB,2,Somewhat Liquid,0%,AM 11/17/2023 (77)
OPCH,2,Somewhat Liquid,4%,AM 10/26/2023 (55)
CNQ,2,Somewhat Liquid,0%,
PVH,2,Somewhat Liquid,3%,PM 11/29/2023 (89)
CFG,2,Somewhat Liquid,12%,AM 10/18/2023 (47)
SDOW,2,Somewhat Liquid,4%,
IFF,2,Somewhat Liquid,0%,PM 11/06/2023 (66)
PBF,2,Somewhat Liquid,2%,AM 11/02/2023 (62)
KDP,2,Somewhat Liquid,2%,AM 10/26/2023 (55)
AXON,2,Somewhat Liquid,0%,PM 11/07/2023 (67)
FLNG,2,Somewhat Liquid,1%,AM 11/30/2023 (90)
CNC,2,Somewhat Liquid,18%,AM 10/24/2023 (53)
XP,2,Somewhat Liquid,4%,PM 11/07/2023 (67)
ALNY,2,Somewhat Liquid,33%,AM 11/02/2023 (62)
MTDR,2,Somewhat Liquid,0%,PM 10/24/2023 (53)
LNW,2,Somewhat Liquid,2%,PM 11/08/2023 (68)
BNO,2,Somewhat Liquid,0%,
ALK,2,Somewhat Liquid,5%,AM 10/19/2023 (48)
MKC,2,Somewhat Liquid,9%,AM 10/05/2023 (34)
GRMN,2,Somewhat Liquid,3%,AM 11/01/2023 (61)
SIL,2,Somewhat Liquid,1%,
CWB,2,Somewhat Liquid,3%,
VRT,2,Somewhat Liquid,5%,AM 10/25/2023 (54)
EDU,2,Somewhat Liquid,0%,AM 10/09/2023 (38)
UHS,2,Somewhat Liquid,,PM 10/24/2023 (53)
EQR,2,Somewhat Liquid,11%,PM 10/24/2023 (53)
UCO,2,Somewhat Liquid,,
ATI,2,Somewhat Liquid,0%,AM 11/01/2023 (61)
MMP,2,Somewhat Liquid,15%,AM 11/02/2023 (62)
INMD,2,Somewhat Liquid,1%,AM 10/26/2023 (55)
NUGT,2,Somewhat Liquid,4%,
ANSS,2,Somewhat Liquid,1%,PM 11/01/2023 (61)
TAN,2,Somewhat Liquid,19%,
ADNT,2,Somewhat Liquid,2%,AM 11/02/2023 (62)
PLAY,2,Somewhat Liquid,38%,PM 09/06/2023 (5)
EPRT,2,Somewhat Liquid,13%,PM 10/26/2023 (55)
LRN,2,Somewhat Liquid,0%,PM 10/31/2023 (60)
FITB,2,Somewhat Liquid,5%,AM 10/19/2023 (48)
PPL,2,Somewhat Liquid,,AM 11/03/2023 (63)
GFS,2,Somewhat Liquid,0%,AM 11/07/2023 (67)
NYT,2,Somewhat Liquid,4%,AM 11/08/2023 (68)
CFLT,2,Somewhat Liquid,0%,PM 11/01/2023 (61)
RUN,2,Somewhat Liquid,0%,PM 11/01/2023 (61)
FIVN,2,Somewhat Liquid,1%,PM 11/09/2023 (69)
CTVA,2,Somewhat Liquid,15%,PM 11/02/2023 (62)
IWO,2,Somewhat Liquid,0%,
PI,2,Somewhat Liquid,0%,PM 10/25/2023 (54)
NVDS,2,Somewhat Liquid,2%,
ELV,2,Somewhat Liquid,16%,AM 10/18/2023 (47)
WPC,2,Somewhat Liquid,,AM 11/03/2023 (63)
OTIS,2,Somewhat Liquid,1%,AM 10/25/2023 (54)
ENB,2,Somewhat Liquid,2%,AM 11/09/2023 (69)
WOLF,2,Somewhat Liquid,,PM 10/25/2023 (54)
MLM,2,Somewhat Liquid,10%,AM 11/01/2023 (61)
GUSH,2,Somewhat Liquid,0%,
URA,2,Somewhat Liquid,10%,
DEO,2,Somewhat Liquid,16%,AM 01/25/2024 (146)
CSIQ,2,Somewhat Liquid,0%,AM 11/21/2023 (81)
GOOG,2,Somewhat Liquid,6%,PM 10/24/2023 (53)
VWO,2,Somewhat Liquid,10%,
OMF,2,Somewhat Liquid,10%,AM 10/25/2023 (54)
DVA,2,Somewhat Liquid,1%,PM 10/26/2023 (55)
MAT,2,Somewhat Liquid,3%,PM 10/24/2023 (53)
KGC,2,Somewhat Liquid,1%,PM 11/08/2023 (68)
KOLD,2,Somewhat Liquid,10%,
CMA,2,Somewhat Liquid,8%,AM 10/20/2023 (49)
TOST,2,Somewhat Liquid,3%,PM 11/09/2023 (69)
NOG,2,Somewhat Liquid,0%,PM 11/07/2023 (67)
IP,2,Somewhat Liquid,11%,AM 10/26/2023 (55)
LPLA,2,Somewhat Liquid,1%,PM 10/26/2023 (55)
QRVO,2,Somewhat Liquid,0%,PM 11/01/2023 (61)
SLG,2,Somewhat Liquid,,PM 10/18/2023 (47)
PAAS,2,Somewhat Liquid,3%,PM 11/08/2023 (68)
YINN,2,Somewhat Liquid,,
OLLI,2,Somewhat Liquid,0%,AM 12/06/2023 (96)
SGH,2,Somewhat Liquid,45%,PM 10/03/2023 (32)
PARA,2,Somewhat Liquid,0%,PM 11/01/2023 (61)
ZION,2,Somewhat Liquid,,PM 10/18/2023 (47)
JWN,2,Somewhat Liquid,2%,PM 11/21/2023 (81)
FLR,2,Somewhat Liquid,0%,AM 11/03/2023 (63)
FXY,2,Somewhat Liquid,8%,
RF,2,Somewhat Liquid,,AM 10/20/2023 (49)
THO,2,Somewhat Liquid,,AM 09/27/2023 (26)
EWU,2,Somewhat Liquid,7%,
CNX,2,Somewhat Liquid,0%,AM 10/26/2023 (55)
RPD,2,Somewhat Liquid,0%,PM 11/01/2023 (61)
ACVA,2,Somewhat Liquid,1%,PM 11/08/2023 (68)
RIOT,2,Somewhat Liquid,9%,PM 11/07/2023 (67)
TRV,2,Somewhat Liquid,3%,AM 10/18/2023 (47)
ASO,2,Somewhat Liquid,3%,AM 12/07/2023 (97)
AX,2,Somewhat Liquid,6%,PM 10/26/2023 (55)
AOS,2,Somewhat Liquid,4%,AM 10/26/2023 (55)
VRTX,2,Somewhat Liquid,14%,PM 10/26/2023 (55)